country,total_articles_percentage_per_population
Tuvalu,0.0054
Nauru,0.0047272727272727275
San Marino,0.0023823529411764704
Monaco,0.0010526315789473684
Liechtenstein,0.000717948717948718
Marshall Islands,0.0006491228070175439
Tonga,0.0006363636363636364
Iceland,0.0005489130434782609
Andorra,0.0004146341463414634
Federated States of Micronesia,0.000339622641509434
