country,total_articles_percentage_per_population
India,7.035211770587815e-07
Indonesia,7.764803727105789e-07
China,8.07909382944056e-07
Uzbekistan,8.19336337566571e-07
Ethiopia,8.789028507779596e-07
Zambia,1.3598781549173194e-06
"Korea, North",1.3964855114628185e-06
Thailand,1.6833498662338053e-06
Mozambique,1.8610023743823396e-06
Bangladesh,1.890359168241966e-06
