country,high_quality_articles_percentage_per_population
Tuvalu,0.0004
Dominica,1.388888888888889e-05
Vanuatu,9.345794392523365e-06
Iceland,5.4347826086956525e-06
Ireland,4.9970017989206475e-06
Montenegro,3.215434083601286e-06
Martinique,2.808988764044944e-06
Bhutan,2.7397260273972604e-06
New Zealand,2.6067776218167234e-06
Romania,2.1828387297957488e-06
